Name,Abbreviation,Overclock
/Game/WeaponsNTools/AssaultRifle/Overclocks/OC_AssaultRifle_VolatileBullets_B.OC_AssaultRifle_VolatileBullets_B,BOM,/Game/WeaponsNTools/AssaultRifle/Overclocks/OC_AssaultRifle_VolatileBullets_B.OC_AssaultRifle_VolatileBullets_B
/Game/WeaponsNTools/AssaultRifle/Overclocks/OC_AssaultRifle_RoFandReload_C.OC_AssaultRifle_RoFandReload_C,GRR,/Game/WeaponsNTools/AssaultRifle/Overclocks/OC_AssaultRifle_RoFandReload_C.OC_AssaultRifle_RoFandReload_C
/Game/WeaponsNTools/AssaultRifle/Overclocks/OC_AssaultRifle_RoF_B.OC_AssaultRifle_RoF_B,OFM,/Game/WeaponsNTools/AssaultRifle/Overclocks/OC_AssaultRifle_RoF_B.OC_AssaultRifle_RoF_B
/Game/WeaponsNTools/AssaultRifle/Overclocks/OC_AssaultRifle_RandomDamage_C.OC_AssaultRifle_RandomDamage_C,HP,/Game/WeaponsNTools/AssaultRifle/Overclocks/OC_AssaultRifle_RandomDamage_C.OC_AssaultRifle_RandomDamage_C
/Game/WeaponsNTools/AssaultRifle/Overclocks/OC_AssaultRifle_PerfectStability_U.OC_AssaultRifle_PerfectStability_U,AI,/Game/WeaponsNTools/AssaultRifle/Overclocks/OC_AssaultRifle_PerfectStability_U.OC_AssaultRifle_PerfectStability_U
/Game/WeaponsNTools/AssaultRifle/Overclocks/OC_AssaultRifle_ElectricReload_U.OC_AssaultRifle_ElectricReload_U,ER,/Game/WeaponsNTools/AssaultRifle/Overclocks/OC_AssaultRifle_ElectricReload_U.OC_AssaultRifle_ElectricReload_U
/Game/WeaponsNTools/AssaultRifle/Overclocks/OC_AssaultRifle_ClipSize_C.OC_AssaultRifle_ClipSize_C,CA,/Game/WeaponsNTools/AssaultRifle/Overclocks/OC_AssaultRifle_ClipSize_C.OC_AssaultRifle_ClipSize_C
/Game/WeaponsNTools/Autocannon/Overclocks/OC_Autocannon_SplashRange_C.OC_Autocannon_SplashRange_C,SS,/Game/WeaponsNTools/Autocannon/Overclocks/OC_Autocannon_SplashRange_C.OC_Autocannon_SplashRange_C
/Game/WeaponsNTools/Autocannon/Overclocks/OC_Autocannon_Neurotoxin_U.OC_Autocannon_Neurotoxin_U,NTP,/Game/WeaponsNTools/Autocannon/Overclocks/OC_Autocannon_Neurotoxin_U.OC_Autocannon_Neurotoxin_U
/Game/WeaponsNTools/Autocannon/Overclocks/OC_Autocannon_MovementSpeed_B.OC_Autocannon_MovementSpeed_B,CM,/Game/WeaponsNTools/Autocannon/Overclocks/OC_Autocannon_MovementSpeed_B.OC_Autocannon_MovementSpeed_B
/Game/WeaponsNTools/Autocannon/Overclocks/OC_Autocannon_MaxAmmo_C.OC_Autocannon_MaxAmmo_C,CD,/Game/WeaponsNTools/Autocannon/Overclocks/OC_Autocannon_MaxAmmo_C.OC_Autocannon_MaxAmmo_C
/Game/WeaponsNTools/Autocannon/Overclocks/OC_Autocannon_Grenades_B.OC_Autocannon_Grenades_B,CB,/Game/WeaponsNTools/Autocannon/Overclocks/OC_Autocannon_Grenades_B.OC_Autocannon_Grenades_B
/Game/WeaponsNTools/Autocannon/Overclocks/OC_Autocannon_DamageBig_U.OC_Autocannon_DamageBig_U,BB,/Game/WeaponsNTools/Autocannon/Overclocks/OC_Autocannon_DamageBig_U.OC_Autocannon_DamageBig_U
/Game/WeaponsNTools/BoltActionRifle/Overclocks/OC_M1000_NoMovementPenalty_B.OC_M1000_NoMovementPenalty_B,ASS,/Game/WeaponsNTools/BoltActionRifle/Overclocks/OC_M1000_NoMovementPenalty_B.OC_M1000_NoMovementPenalty_B
/Game/WeaponsNTools/BoltActionRifle/Overclocks/OC_M1000_Hoverclock_C.OC_M1000_Hoverclock_C,HC,/Game/WeaponsNTools/BoltActionRifle/Overclocks/OC_M1000_Hoverclock_C.OC_M1000_Hoverclock_C
/Game/WeaponsNTools/BoltActionRifle/Overclocks/OC_M1000_Hipster_B.OC_M1000_Hipster_B,HSTR,/Game/WeaponsNTools/BoltActionRifle/Overclocks/OC_M1000_Hipster_B.OC_M1000_Hipster_B
/Game/WeaponsNTools/BoltActionRifle/Overclocks/OC_M1000_FocusElectrocute_U.OC_M1000_FocusElectrocute_U,EFS,/Game/WeaponsNTools/BoltActionRifle/Overclocks/OC_M1000_FocusElectrocute_U.OC_M1000_FocusElectrocute_U
/Game/WeaponsNTools/BoltActionRifle/Overclocks/OC_M1000_FocusDamage_U.OC_M1000_FocusDamage_U,SCC,/Game/WeaponsNTools/BoltActionRifle/Overclocks/OC_M1000_FocusDamage_U.OC_M1000_FocusDamage_U
/Game/WeaponsNTools/BoltActionRifle/Overclocks/OC_M1000_Ammo_C1.OC_M1000_Ammo_C1,MC,/Game/WeaponsNTools/BoltActionRifle/Overclocks/OC_M1000_Ammo_C1.OC_M1000_Ammo_C1
/Game/WeaponsNTools/BurstFirePistol/Overclocks/OC_BRT_RandomDamage_C.OC_BRT_RandomDamage_C,LS,/Game/WeaponsNTools/BurstFirePistol/Overclocks/OC_BRT_RandomDamage_C.OC_BRT_RandomDamage_C
/Game/WeaponsNTools/BurstFirePistol/Overclocks/OC_BRT_MicroFlechettes_U.OC_BRT_MicroFlechettes_U,MF,/Game/WeaponsNTools/BurstFirePistol/Overclocks/OC_BRT_MicroFlechettes_U.OC_BRT_MicroFlechettes_U
/Game/WeaponsNTools/BurstFirePistol/Overclocks/OC_BRT_DamageB_B.OC_BRT_DamageB_B,ER,/Game/WeaponsNTools/BurstFirePistol/Overclocks/OC_BRT_DamageB_B.OC_BRT_DamageB_B
/Game/WeaponsNTools/BurstFirePistol/Overclocks/OC_BRT_Damage_C.OC_BRT_Damage_C,FCS,/Game/WeaponsNTools/BurstFirePistol/Overclocks/OC_BRT_Damage_C.OC_BRT_Damage_C
/Game/WeaponsNTools/BurstFirePistol/Overclocks/OC_BRT_BombOnHit_C.OC_BRT_BombOnHit_C,EM,/Game/WeaponsNTools/BurstFirePistol/Overclocks/OC_BRT_BombOnHit_C.OC_BRT_BombOnHit_C
/Game/WeaponsNTools/BurstFirePistol/Overclocks/OC_BRT_AmmoB_B.OC_BRT_AmmoB_B,CM,/Game/WeaponsNTools/BurstFirePistol/Overclocks/OC_BRT_AmmoB_B.OC_BRT_AmmoB_B
/Game/WeaponsNTools/BurstFirePistol/Overclocks/OC_BRT_Ammo_C.OC_BRT_Ammo_C,CC,/Game/WeaponsNTools/BurstFirePistol/Overclocks/OC_BRT_Ammo_C.OC_BRT_Ammo_C
/Game/WeaponsNTools/ChargeBlaster/Overclocks/OC_EPC_PersistentExplosion_U.OC_EPC_PersistentExplosion_U,PP,/Game/WeaponsNTools/ChargeBlaster/Overclocks/OC_EPC_PersistentExplosion_U.OC_EPC_PersistentExplosion_U
/Game/WeaponsNTools/ChargeBlaster/Overclocks/OC_EPC_NormalDamage_B.OC_EPC_NormalDamage_B,HH,/Game/WeaponsNTools/ChargeBlaster/Overclocks/OC_EPC_NormalDamage_B.OC_EPC_NormalDamage_B
/Game/WeaponsNTools/ChargeBlaster/Overclocks/OC_EPC_CoolingRate_C.OC_EPC_CoolingRate_C,MCU,/Game/WeaponsNTools/ChargeBlaster/Overclocks/OC_EPC_CoolingRate_C.OC_EPC_CoolingRate_C
/Game/WeaponsNTools/ChargeBlaster/Overclocks/OC_EPC_ChargeTime_C.OC_EPC_ChargeTime_C,ER,/Game/WeaponsNTools/ChargeBlaster/Overclocks/OC_EPC_ChargeTime_C.OC_EPC_ChargeTime_C
/Game/WeaponsNTools/ChargeBlaster/Overclocks/OC_EPC_ChargeDirectDMG_U.OC_EPC_ChargeDirectDMG_U,OC,/Game/WeaponsNTools/ChargeBlaster/Overclocks/OC_EPC_ChargeDirectDMG_U.OC_EPC_ChargeDirectDMG_U
/Game/WeaponsNTools/ChargeBlaster/Overclocks/OC_EPC_ChargeCost_B.OC_EPC_ChargeCost_B,HP,/Game/WeaponsNTools/ChargeBlaster/Overclocks/OC_EPC_ChargeCost_B.OC_EPC_ChargeCost_B
/Game/WeaponsNTools/CoilGun/OCs/OC_Coilgun_TriBurst.OC_Coilgun_TriBurst,TTC,/Game/WeaponsNTools/CoilGun/OCs/OC_Coilgun_TriBurst.OC_Coilgun_TriBurst
/Game/WeaponsNTools/CoilGun/OCs/OC_Coilgun_TrailBoost.OC_Coilgun_TrailBoost,UMC,/Game/WeaponsNTools/CoilGun/OCs/OC_Coilgun_TrailBoost.OC_Coilgun_TrailBoost
/Game/WeaponsNTools/CoilGun/OCs/OC_Coilgun_Reatomizer.OC_Coilgun_Reatomizer,RA,/Game/WeaponsNTools/CoilGun/OCs/OC_Coilgun_Reatomizer.OC_Coilgun_Reatomizer
/Game/WeaponsNTools/CoilGun/OCs/OC_Coilgun_Mole.OC_Coilgun_Mole,M,/Game/WeaponsNTools/CoilGun/OCs/OC_Coilgun_Mole.OC_Coilgun_Mole
/Game/WeaponsNTools/CoilGun/OCs/OC_Coilgun_LessDamageMoreAmmo.OC_Coilgun_LessDamageMoreAmmo,BM,/Game/WeaponsNTools/CoilGun/OCs/OC_Coilgun_LessDamageMoreAmmo.OC_Coilgun_LessDamageMoreAmmo
/Game/WeaponsNTools/CoilGun/OCs/OC_Coilgun_Hellfire.OC_Coilgun_Hellfire,HF,/Game/WeaponsNTools/CoilGun/OCs/OC_Coilgun_Hellfire.OC_Coilgun_Hellfire
/Game/WeaponsNTools/CombatShotgun/Overclocks/OC_CombatShotgun_Spread_B.OC_CombatShotgun_Spread_B,MPA,/Game/WeaponsNTools/CombatShotgun/Overclocks/OC_CombatShotgun_Spread_B.OC_CombatShotgun_Spread_B
/Game/WeaponsNTools/CombatShotgun/Overclocks/OC_CombatShotgun_RoF_U.OC_CombatShotgun_RoF_U,CO,/Game/WeaponsNTools/CombatShotgun/Overclocks/OC_CombatShotgun_RoF_U.OC_CombatShotgun_RoF_U
/Game/WeaponsNTools/CombatShotgun/Overclocks/OC_CombatShotgun_MiniShells_U.OC_CombatShotgun_MiniShells_U,MS,/Game/WeaponsNTools/CombatShotgun/Overclocks/OC_CombatShotgun_MiniShells_U.OC_CombatShotgun_MiniShells_U
/Game/WeaponsNTools/CombatShotgun/Overclocks/OC_CombatShotgun_ClipSize_B.OC_CombatShotgun_ClipSize_B,STN,/Game/WeaponsNTools/CombatShotgun/Overclocks/OC_CombatShotgun_ClipSize_B.OC_CombatShotgun_ClipSize_B
/Game/WeaponsNTools/CombatShotgun/Overclocks/OC_CombatShotgun_AmmoNew_C.OC_CombatShotgun_AmmoNew_C,LWM,/Game/WeaponsNTools/CombatShotgun/Overclocks/OC_CombatShotgun_AmmoNew_C.OC_CombatShotgun_AmmoNew_C
/Game/WeaponsNTools/Crossbow/Overclocks/OC_Crossbow_Trifork.OC_Crossbow_Trifork,TV,/Game/WeaponsNTools/Crossbow/Overclocks/OC_Crossbow_Trifork.OC_Crossbow_Trifork
/Game/WeaponsNTools/Crossbow/Overclocks/OC_Crossbow_Specialist.OC_Crossbow_Specialist,SPCL,/Game/WeaponsNTools/Crossbow/Overclocks/OC_Crossbow_Specialist.OC_Crossbow_Specialist
/Game/WeaponsNTools/Crossbow/Overclocks/OC_Crossbow_QuickFire.OC_Crossbow_QuickFire,QF,/Game/WeaponsNTools/Crossbow/Overclocks/OC_Crossbow_QuickFire.OC_Crossbow_QuickFire
/Game/WeaponsNTools/Crossbow/Overclocks/OC_Crossbow_FireArrow.OC_Crossbow_FireArrow,FB,/Game/WeaponsNTools/Crossbow/Overclocks/OC_Crossbow_FireArrow.OC_Crossbow_FireArrow
/Game/WeaponsNTools/Crossbow/Overclocks/OC_Crossbow_CryoArrow.OC_Crossbow_CryoArrow,CB,/Game/WeaponsNTools/Crossbow/Overclocks/OC_Crossbow_CryoArrow.OC_Crossbow_CryoArrow
/Game/WeaponsNTools/Crossbow/Overclocks/OC_Crossbow_BodkinPoints.OC_Crossbow_BodkinPoints,BP,/Game/WeaponsNTools/Crossbow/Overclocks/OC_Crossbow_BodkinPoints.OC_Crossbow_BodkinPoints
/Game/WeaponsNTools/Cryospray/Overclocks/OC_Cryospray_Snowball_U.OC_Cryospray_Snowball_U,SB,/Game/WeaponsNTools/Cryospray/Overclocks/OC_Cryospray_Snowball_U.OC_Cryospray_Snowball_U
/Game/WeaponsNTools/Cryospray/Overclocks/OC_Cryospray_Icicle_U.OC_Cryospray_Icicle_U,SPR,/Game/WeaponsNTools/Cryospray/Overclocks/OC_Cryospray_Icicle_U.OC_Cryospray_Icicle_U
/Game/WeaponsNTools/Cryospray/Overclocks/OC_Cryospray_IceStorm_U.OC_Cryospray_IceStorm_U,STRM,/Game/WeaponsNTools/Cryospray/Overclocks/OC_Cryospray_IceStorm_U.OC_Cryospray_IceStorm_U
/Game/WeaponsNTools/Cryospray/Overclocks/OC_Cryospray_FastFlow_B.OC_Cryospray_FastFlow_B,FRE,/Game/WeaponsNTools/Cryospray/Overclocks/OC_Cryospray_FastFlow_B.OC_Cryospray_FastFlow_B
/Game/WeaponsNTools/Cryospray/Overclocks/OC_Cryospray_Cooling+Rof_B.OC_Cryospray_Cooling+Rof_B,TC,/Game/WeaponsNTools/Cryospray/Overclocks/OC_Cryospray_Cooling+Rof_B.OC_Cryospray_Cooling+Rof_B
/Game/WeaponsNTools/Cryospray/Overclocks/OC_Cryospray_Ammo+PressureDrop_C.OC_Cryospray_Ammo+PressureDrop_C,ITE,/Game/WeaponsNTools/Cryospray/Overclocks/OC_Cryospray_Ammo+PressureDrop_C.OC_Cryospray_Ammo+PressureDrop_C
/Game/WeaponsNTools/DualMachinePistols/Overclocks/OC_DualMP_ReloadSpeed_C.OC_DualMP_ReloadSpeed_C,MM,/Game/WeaponsNTools/DualMachinePistols/Overclocks/OC_DualMP_ReloadSpeed_C.OC_DualMP_ReloadSpeed_C
/Game/WeaponsNTools/DualMachinePistols/Overclocks/OC_DualMP_ExplosiveReload.OC_DualMP_ExplosiveReload,ED,/Game/WeaponsNTools/DualMachinePistols/Overclocks/OC_DualMP_ExplosiveReload.OC_DualMP_ExplosiveReload
/Game/WeaponsNTools/DualMachinePistols/Overclocks/OC_DualMP_Damage_U.OC_DualMP_Damage_U,GR,/Game/WeaponsNTools/DualMachinePistols/Overclocks/OC_DualMP_Damage_U.OC_DualMP_Damage_U
/Game/WeaponsNTools/DualMachinePistols/Overclocks/OC_DualMP_CustomCasings_B.OC_DualMP_CustomCasings_B,CC,/Game/WeaponsNTools/DualMachinePistols/Overclocks/OC_DualMP_CustomCasings_B.OC_DualMP_CustomCasings_B
/Game/WeaponsNTools/DualMachinePistols/Overclocks/OC_DualMP_CryoMines_U.OC_DualMP_CryoMines_U,CM,/Game/WeaponsNTools/DualMachinePistols/Overclocks/OC_DualMP_CryoMines_U.OC_DualMP_CryoMines_U
/Game/WeaponsNTools/FlameThrower/Overclocks/OC_Flamethrower_StickyFlameDuration_C.OC_Flamethrower_StickyFlameDuration_C,SA,/Game/WeaponsNTools/FlameThrower/Overclocks/OC_Flamethrower_StickyFlameDuration_C.OC_Flamethrower_StickyFlameDuration_C
/Game/WeaponsNTools/FlameThrower/Overclocks/OC_Flamethrower_StickyDuration_U.OC_Flamethrower_StickyDuration_U,SF,/Game/WeaponsNTools/FlameThrower/Overclocks/OC_Flamethrower_StickyDuration_U.OC_Flamethrower_StickyDuration_U
/Game/WeaponsNTools/FlameThrower/Overclocks/OC_Flamethrower_Range_B.OC_Flamethrower_Range_B,FSD,/Game/WeaponsNTools/FlameThrower/Overclocks/OC_Flamethrower_Range_B.OC_Flamethrower_Range_B
/Game/WeaponsNTools/FlameThrower/Overclocks/OC_Flamethrower_MaxAmmo_C.OC_Flamethrower_MaxAmmo_C,LT,/Game/WeaponsNTools/FlameThrower/Overclocks/OC_Flamethrower_MaxAmmo_C.OC_Flamethrower_MaxAmmo_C
/Game/WeaponsNTools/FlameThrower/Overclocks/OC_Flamethrower_DMG_U.OC_Flamethrower_DMG_U,FM,/Game/WeaponsNTools/FlameThrower/Overclocks/OC_Flamethrower_DMG_U.OC_Flamethrower_DMG_U
/Game/WeaponsNTools/FlameThrower/Overclocks/OC_Flamethrower_ClipSize_B.OC_Flamethrower_ClipSize_B,CFV,/Game/WeaponsNTools/FlameThrower/Overclocks/OC_Flamethrower_ClipSize_B.OC_Flamethrower_ClipSize_B
/Game/WeaponsNTools/GatlingGun/Overclocks/OC_Gatling_Ricochet_U.OC_Gatling_Ricochet_U,BTH,/Game/WeaponsNTools/GatlingGun/Overclocks/OC_Gatling_Ricochet_U.OC_Gatling_Ricochet_U
/Game/WeaponsNTools/GatlingGun/Overclocks/OC_Gatling_Flame_B.OC_Gatling_Flame_B,BRH,/Game/WeaponsNTools/GatlingGun/Overclocks/OC_Gatling_Flame_B.OC_Gatling_Flame_B
/Game/WeaponsNTools/GatlingGun/Overclocks/OC_Gatling_DamageNew_C.OC_Gatling_DamageNew_C,OO,/Game/WeaponsNTools/GatlingGun/Overclocks/OC_Gatling_DamageNew_C.OC_Gatling_DamageNew_C
/Game/WeaponsNTools/GatlingGun/Overclocks/OC_Gatling_DamageB_B.OC_Gatling_DamageB_B,EV,/Game/WeaponsNTools/GatlingGun/Overclocks/OC_Gatling_DamageB_B.OC_Gatling_DamageB_B
/Game/WeaponsNTools/GatlingGun/Overclocks/OC_Gatling_Damage_U.OC_Gatling_Damage_U,LS,/Game/WeaponsNTools/GatlingGun/Overclocks/OC_Gatling_Damage_U.OC_Gatling_Damage_U
/Game/WeaponsNTools/GatlingGun/Overclocks/OC_Gatling_AmmoNew_C.OC_Gatling_AmmoNew_C,TDW,/Game/WeaponsNTools/GatlingGun/Overclocks/OC_Gatling_AmmoNew_C.OC_Gatling_AmmoNew_C
/Game/WeaponsNTools/GatlingGun/Overclocks/OC_Gatling_Ammo_B.OC_Gatling_Ammo_B,CFM,/Game/WeaponsNTools/GatlingGun/Overclocks/OC_Gatling_Ammo_B.OC_Gatling_Ammo_B
/Game/WeaponsNTools/GooCannon/Overclocks/OC_GooCannon_Buckshot2_U.OC_GooCannon_Buckshot2_U,SBL,/Game/WeaponsNTools/GooCannon/Overclocks/OC_GooCannon_Buckshot2_U.OC_GooCannon_Buckshot2_U
/Game/WeaponsNTools/GooCannon/Overclocks/OC_GC_ImpactMixture_B.OC_GC_ImpactMixture_B,VIM,/Game/WeaponsNTools/GooCannon/Overclocks/OC_GC_ImpactMixture_B.OC_GC_ImpactMixture_B
/Game/WeaponsNTools/GooCannon/Overclocks/OC_GC_HydrogenIon_C.OC_GC_HydrogenIon_C,HIA,/Game/WeaponsNTools/GooCannon/Overclocks/OC_GC_HydrogenIon_C.OC_GC_HydrogenIon_C
/Game/WeaponsNTools/GooCannon/Overclocks/OC_GC_GravityAndVelocity_C.OC_GC_GravityAndVelocity_C,AG,/Game/WeaponsNTools/GooCannon/Overclocks/OC_GC_GravityAndVelocity_C.OC_GC_GravityAndVelocity_C
/Game/WeaponsNTools/GooCannon/Overclocks/OC_GC_GooTrail_U.OC_GC_GooTrail_U,GBS,/Game/WeaponsNTools/GooCannon/Overclocks/OC_GC_GooTrail_U.OC_GC_GooTrail_U
/Game/WeaponsNTools/GooCannon/Overclocks/OC_GC_Disperser_B.OC_GC_Disperser_B,DC,/Game/WeaponsNTools/GooCannon/Overclocks/OC_GC_Disperser_B.OC_GC_Disperser_B
/Game/WeaponsNTools/GrenadeLauncher/Overclocks/OC_PGL_SuperFast_U.OC_PGL_SuperFast_U,HP,/Game/WeaponsNTools/GrenadeLauncher/Overclocks/OC_PGL_SuperFast_U.OC_PGL_SuperFast_U
/Game/WeaponsNTools/GrenadeLauncher/Overclocks/OC_PGL_RocketJump_B.OC_PGL_RocketJump_B,RJ,/Game/WeaponsNTools/GrenadeLauncher/Overclocks/OC_PGL_RocketJump_B.OC_PGL_RocketJump_B
/Game/WeaponsNTools/GrenadeLauncher/Overclocks/OC_PGL_Radius_C.OC_PGL_Radius_C,CS,/Game/WeaponsNTools/GrenadeLauncher/Overclocks/OC_PGL_Radius_C.OC_PGL_Radius_C
/Game/WeaponsNTools/GrenadeLauncher/Overclocks/OC_PGL_MiniNukes_U.OC_PGL_MiniNukes_U,FB,/Game/WeaponsNTools/GrenadeLauncher/Overclocks/OC_PGL_MiniNukes_U.OC_PGL_MiniNukes_U
/Game/WeaponsNTools/GrenadeLauncher/Overclocks/OC_PGL_AmmoB_B.OC_PGL_AmmoB_B,CR,/Game/WeaponsNTools/GrenadeLauncher/Overclocks/OC_PGL_AmmoB_B.OC_PGL_AmmoB_B
/Game/WeaponsNTools/GrenadeLauncher/Overclocks/OC_PGL_Ammo_C.OC_PGL_Ammo_C,PR,/Game/WeaponsNTools/GrenadeLauncher/Overclocks/OC_PGL_Ammo_C.OC_PGL_Ammo_C
/Game/WeaponsNTools/HeavyParticleCannon/Overclocks/OC_HeavyParticleCannon_VolatileImpact.OC_HeavyParticleCannon_VolatileImpact,VIR,/Game/WeaponsNTools/HeavyParticleCannon/Overclocks/OC_HeavyParticleCannon_VolatileImpact.OC_HeavyParticleCannon_VolatileImpact
/Game/WeaponsNTools/HeavyParticleCannon/Overclocks/OC_HeavyParticleCannon_ReloadActivatesBooster.OC_HeavyParticleCannon_ReloadActivatesBooster,OB,/Game/WeaponsNTools/HeavyParticleCannon/Overclocks/OC_HeavyParticleCannon_ReloadActivatesBooster.OC_HeavyParticleCannon_ReloadActivatesBooster
/Game/WeaponsNTools/HeavyParticleCannon/Overclocks/OC_HeavyParticleCannon_RapidCycle.OC_HeavyParticleCannon_RapidCycle,ET,/Game/WeaponsNTools/HeavyParticleCannon/Overclocks/OC_HeavyParticleCannon_RapidCycle.OC_HeavyParticleCannon_RapidCycle
/Game/WeaponsNTools/HeavyParticleCannon/Overclocks/OC_HeavyParticleCannon_ProjectionModule.OC_HeavyParticleCannon_ProjectionModule,PC,/Game/WeaponsNTools/HeavyParticleCannon/Overclocks/OC_HeavyParticleCannon_ProjectionModule.OC_HeavyParticleCannon_ProjectionModule
/Game/WeaponsNTools/HeavyParticleCannon/Overclocks/OC_HeavyParticleCannon_ForcedBeam.OC_HeavyParticleCannon_ForcedBeam,ABC,/Game/WeaponsNTools/HeavyParticleCannon/Overclocks/OC_HeavyParticleCannon_ForcedBeam.OC_HeavyParticleCannon_ForcedBeam
/Game/WeaponsNTools/HeavyParticleCannon/Overclocks/OC_HeavyParticleCannon_FeedbackLoop.OC_HeavyParticleCannon_FeedbackLoop,FL,/Game/WeaponsNTools/HeavyParticleCannon/Overclocks/OC_HeavyParticleCannon_FeedbackLoop.OC_HeavyParticleCannon_FeedbackLoop
/Game/WeaponsNTools/LineCutter/Overclocks/OC_LineCutter_YawMan_U.OC_LineCutter_YawMan_U,SD,/Game/WeaponsNTools/LineCutter/Overclocks/OC_LineCutter_YawMan_U.OC_LineCutter_YawMan_U
/Game/WeaponsNTools/LineCutter/Overclocks/OC_LineCutter_RollControl_C.OC_LineCutter_RollControl_C,RC,/Game/WeaponsNTools/LineCutter/Overclocks/OC_LineCutter_RollControl_C.OC_LineCutter_RollControl_C
/Game/WeaponsNTools/LineCutter/Overclocks/OC_LineCutter_ReverseIt_B.OC_LineCutter_ReverseIt_B,RTS,/Game/WeaponsNTools/LineCutter/Overclocks/OC_LineCutter_ReverseIt_B.OC_LineCutter_ReverseIt_B
/Game/WeaponsNTools/LineCutter/Overclocks/OC_LineCutter_FireDamage_U.OC_LineCutter_FireDamage_U,INF,/Game/WeaponsNTools/LineCutter/Overclocks/OC_LineCutter_FireDamage_U.OC_LineCutter_FireDamage_U
/Game/WeaponsNTools/LineCutter/Overclocks/OC_LineCutter_ElectricSTE_B.OC_LineCutter_ElectricSTE_B,HVC,/Game/WeaponsNTools/LineCutter/Overclocks/OC_LineCutter_ElectricSTE_B.OC_LineCutter_ElectricSTE_B
/Game/WeaponsNTools/LineCutter/Overclocks/OC_LineCutter_DMG+1_C.OC_LineCutter_DMG+1_C,SPCL,/Game/WeaponsNTools/LineCutter/Overclocks/OC_LineCutter_DMG+1_C.OC_LineCutter_DMG+1_C
/Game/WeaponsNTools/LineCutter/Overclocks/OC_LineCutter_Ammo_C.OC_LineCutter_Ammo_C,LWC,/Game/WeaponsNTools/LineCutter/Overclocks/OC_LineCutter_Ammo_C.OC_LineCutter_Ammo_C
/Game/WeaponsNTools/LockOnRifle/Overclocks/OC_LockOnRifle_SlowEnemyOnLock_B.OC_LockOnRifle_SlowEnemyOnLock_B,NL,/Game/WeaponsNTools/LockOnRifle/Overclocks/OC_LockOnRifle_SlowEnemyOnLock_B.OC_LockOnRifle_SlowEnemyOnLock_B
/Game/WeaponsNTools/LockOnRifle/Overclocks/OC_LockOnRifle_Seeker_C.OC_LockOnRifle_Seeker_C,SR,/Game/WeaponsNTools/LockOnRifle/Overclocks/OC_LockOnRifle_Seeker_C.OC_LockOnRifle_Seeker_C
/Game/WeaponsNTools/LockOnRifle/Overclocks/OC_LockOnRifle_LockExplosions_B.OC_LockOnRifle_LockExplosions_B,ECR,/Game/WeaponsNTools/LockOnRifle/Overclocks/OC_LockOnRifle_LockExplosions_B.OC_LockOnRifle_LockExplosions_B
/Game/WeaponsNTools/LockOnRifle/Overclocks/OC_LockOnRifle_Executioner_BB.OC_LockOnRifle_Executioner_BB,EXC,/Game/WeaponsNTools/LockOnRifle/Overclocks/OC_LockOnRifle_Executioner_BB.OC_LockOnRifle_Executioner_BB
/Game/WeaponsNTools/LockOnRifle/Overclocks/OC_LockOnRifle_Erraser_C.OC_LockOnRifle_Erraser_C,ER,/Game/WeaponsNTools/LockOnRifle/Overclocks/OC_LockOnRifle_Erraser_C.OC_LockOnRifle_Erraser_C
/Game/WeaponsNTools/LockOnRifle/Overclocks/OC_LockOnRifle_ArmorBreaking_C.OC_LockOnRifle_ArmorBreaking_C,ABM,/Game/WeaponsNTools/LockOnRifle/Overclocks/OC_LockOnRifle_ArmorBreaking_C.OC_LockOnRifle_ArmorBreaking_C
/Game/WeaponsNTools/MicroMissileLauncher/Overclocks/OC_MML_RoF_Velocity_C.OC_MML_RoF_Velocity_C,OFM,/Game/WeaponsNTools/MicroMissileLauncher/Overclocks/OC_MML_RoF_Velocity_C.OC_MML_RoF_Velocity_C
/Game/WeaponsNTools/MicroMissileLauncher/Overclocks/OC_MML_Penetration_B.OC_MML_Penetration_B,PBM,/Game/WeaponsNTools/MicroMissileLauncher/Overclocks/OC_MML_Penetration_B.OC_MML_Penetration_B
/Game/WeaponsNTools/MicroMissileLauncher/Overclocks/OC_MML_Mines_B.OC_MML_Mines_B,MS,/Game/WeaponsNTools/MicroMissileLauncher/Overclocks/OC_MML_Mines_B.OC_MML_Mines_B
/Game/WeaponsNTools/MicroMissileLauncher/Overclocks/OC_MML_JetFuel_U.OC_MML_JetFuel_U,JFH,/Game/WeaponsNTools/MicroMissileLauncher/Overclocks/OC_MML_JetFuel_U.OC_MML_JetFuel_U
/Game/WeaponsNTools/MicroMissileLauncher/Overclocks/OC_MML_GuidanceCutoff_C.OC_MML_GuidanceCutoff_C,MGC,/Game/WeaponsNTools/MicroMissileLauncher/Overclocks/OC_MML_GuidanceCutoff_C.OC_MML_GuidanceCutoff_C
/Game/WeaponsNTools/MicroMissileLauncher/Overclocks/OC_MML_ChargeMechanism_U.OC_MML_ChargeMechanism_U,SM,/Game/WeaponsNTools/MicroMissileLauncher/Overclocks/OC_MML_ChargeMechanism_U.OC_MML_ChargeMechanism_U
/Game/WeaponsNTools/MicroMissileLauncher/Overclocks/OC_MML_AoEDamage_Radius_C.OC_MML_AoEDamage_Radius_C,FM,/Game/WeaponsNTools/MicroMissileLauncher/Overclocks/OC_MML_AoEDamage_Radius_C.OC_MML_AoEDamage_Radius_C
/Game/WeaponsNTools/MicrowaveGun/Overclocks/OC_SuperFocusLens.OC_SuperFocusLens,SFL,/Game/WeaponsNTools/MicrowaveGun/Overclocks/OC_SuperFocusLens.OC_SuperFocusLens
/Game/WeaponsNTools/MicrowaveGun/Overclocks/OC_MicrowaveGun_MegaPowerSupply.OC_MicrowaveGun_MegaPowerSupply,MPS,/Game/WeaponsNTools/MicrowaveGun/Overclocks/OC_MicrowaveGun_MegaPowerSupply.OC_MicrowaveGun_MegaPowerSupply
/Game/WeaponsNTools/MicrowaveGun/Overclocks/OC_MicrowaveGun_GammaContamination.OC_MicrowaveGun_GammaContamination,GC,/Game/WeaponsNTools/MicrowaveGun/Overclocks/OC_MicrowaveGun_GammaContamination.OC_MicrowaveGun_GammaContamination
/Game/WeaponsNTools/MicrowaveGun/Overclocks/OC_LiquidCooler.OC_LiquidCooler,LCS,/Game/WeaponsNTools/MicrowaveGun/Overclocks/OC_LiquidCooler.OC_LiquidCooler
/Game/WeaponsNTools/MicrowaveGun/Overclocks/OC_DiffusionRay.OC_DiffusionRay,DR,/Game/WeaponsNTools/MicrowaveGun/Overclocks/OC_DiffusionRay.OC_DiffusionRay
/Game/WeaponsNTools/MicrowaveGun/Overclocks/OC_BlisteringNecrosis.OC_BlisteringNecrosis,BN,/Game/WeaponsNTools/MicrowaveGun/Overclocks/OC_BlisteringNecrosis.OC_BlisteringNecrosis
/Game/WeaponsNTools/Pistol/Overclocks/OC_Pistol_TranqDarts_U.OC_Pistol_TranqDarts_U,TR,/Game/WeaponsNTools/Pistol/Overclocks/OC_Pistol_TranqDarts_U.OC_Pistol_TranqDarts_U
/Game/WeaponsNTools/Pistol/Overclocks/OC_Pistol_RandomDamageNew_C.OC_Pistol_RandomDamageNew_C,HP,/Game/WeaponsNTools/Pistol/Overclocks/OC_Pistol_RandomDamageNew_C.OC_Pistol_RandomDamageNew_C
/Game/WeaponsNTools/Pistol/Overclocks/OC_Pistol_FullAuto_U.OC_Pistol_FullAuto_U,AF,/Game/WeaponsNTools/Pistol/Overclocks/OC_Pistol_FullAuto_U.OC_Pistol_FullAuto_U
/Game/WeaponsNTools/Pistol/Overclocks/OC_Pistol_ExplosiveReload_U.OC_Pistol_ExplosiveReload_U,ER,/Game/WeaponsNTools/Pistol/Overclocks/OC_Pistol_ExplosiveReload_U.OC_Pistol_ExplosiveReload_U
/Game/WeaponsNTools/Pistol/Overclocks/OC_Pistol_ClipSize_B.OC_Pistol_ClipSize_B,OM,/Game/WeaponsNTools/Pistol/Overclocks/OC_Pistol_ClipSize_B.OC_Pistol_ClipSize_B
/Game/WeaponsNTools/Pistol/Overclocks/OC_Pistol_ChainHit_C.OC_Pistol_ChainHit_C,CH,/Game/WeaponsNTools/Pistol/Overclocks/OC_Pistol_ChainHit_C.OC_Pistol_ChainHit_C
/Game/WeaponsNTools/PlasmaCarbine/Overclocks/OC_ShieldVelocityDamage_U.OC_ShieldVelocityDamage_U,SBB,/Game/WeaponsNTools/PlasmaCarbine/Overclocks/OC_ShieldVelocityDamage_U.OC_ShieldVelocityDamage_U
/Game/WeaponsNTools/PlasmaCarbine/Overclocks/OC_PlasmaCarbine_OverheatAoE_B.OC_PlasmaCarbine_OverheatAoE_B,AV,/Game/WeaponsNTools/PlasmaCarbine/Overclocks/OC_PlasmaCarbine_OverheatAoE_B.OC_PlasmaCarbine_OverheatAoE_B
/Game/WeaponsNTools/PlasmaCarbine/Overclocks/OC_PlasmaCarbine_MoreDamageLessAccuracy_U.OC_PlasmaCarbine_MoreDamageLessAccuracy_U,OPA,/Game/WeaponsNTools/PlasmaCarbine/Overclocks/OC_PlasmaCarbine_MoreDamageLessAccuracy_U.OC_PlasmaCarbine_MoreDamageLessAccuracy_U
/Game/WeaponsNTools/PlasmaCarbine/Overclocks/OC_PlasmaCarbine_HeatBuildUpDamage_U.OC_PlasmaCarbine_HeatBuildUpDamage_U,TEF,/Game/WeaponsNTools/PlasmaCarbine/Overclocks/OC_PlasmaCarbine_HeatBuildUpDamage_U.OC_PlasmaCarbine_HeatBuildUpDamage_U
/Game/WeaponsNTools/PlasmaCarbine/Overclocks/OC_PlasmaCarbine_CoolingRateAndLessHeatPerShot_C.OC_PlasmaCarbine_CoolingRateAndLessHeatPerShot_C,TLC,/Game/WeaponsNTools/PlasmaCarbine/Overclocks/OC_PlasmaCarbine_CoolingRateAndLessHeatPerShot_C.OC_PlasmaCarbine_CoolingRateAndLessHeatPerShot_C
/Game/WeaponsNTools/PlasmaCarbine/Overclocks/OC_PlasmaCarbine_Bouncy_C.OC_PlasmaCarbine_Bouncy_C,ID,/Game/WeaponsNTools/PlasmaCarbine/Overclocks/OC_PlasmaCarbine_Bouncy_C.OC_PlasmaCarbine_Bouncy_C
/Game/WeaponsNTools/PlasmaCarbine/Overclocks/OC_PlasmaCarbine_AmmoReturn_B.OC_PlasmaCarbine_AmmoReturn_B,RW,/Game/WeaponsNTools/PlasmaCarbine/Overclocks/OC_PlasmaCarbine_AmmoReturn_B.OC_PlasmaCarbine_AmmoReturn_B
/Game/WeaponsNTools/Revolver/Overclocks/OC_Revolver_RoF_B.OC_Revolver_RoF_B,VB,/Game/WeaponsNTools/Revolver/Overclocks/OC_Revolver_RoF_B.OC_Revolver_RoF_B
/Game/WeaponsNTools/Revolver/Overclocks/OC_Revolver_RandomDamageNew_C.OC_Revolver_RandomDamageNew_C,HP,/Game/WeaponsNTools/Revolver/Overclocks/OC_Revolver_RandomDamageNew_C.OC_Revolver_RandomDamageNew_C
/Game/WeaponsNTools/Revolver/Overclocks/OC_Revolver_MagicBullets_U.OC_Revolver_MagicBullets_U,MB,/Game/WeaponsNTools/Revolver/Overclocks/OC_Revolver_MagicBullets_U.OC_Revolver_MagicBullets_U
/Game/WeaponsNTools/Revolver/Overclocks/OC_Revolver_LuckyBullets_C.OC_Revolver_LuckyBullets_C,CH,/Game/WeaponsNTools/Revolver/Overclocks/OC_Revolver_LuckyBullets_C.OC_Revolver_LuckyBullets_C
/Game/WeaponsNTools/Revolver/Overclocks/OC_Revolver_Damage2x_U.OC_Revolver_Damage2x_U,ER,/Game/WeaponsNTools/Revolver/Overclocks/OC_Revolver_Damage2x_U.OC_Revolver_Damage2x_U
/Game/WeaponsNTools/Revolver/Overclocks/OC_Revolver_ClipSize_B.OC_Revolver_ClipSize_B,SS,/Game/WeaponsNTools/Revolver/Overclocks/OC_Revolver_ClipSize_B.OC_Revolver_ClipSize_B
/Game/WeaponsNTools/SawedOffShotgun/Overclocks/OC_SawedOff_ShotgunJump_C.OC_SawedOff_ShotgunJump_C,SP,/Game/WeaponsNTools/SawedOffShotgun/Overclocks/OC_SawedOff_ShotgunJump_C.OC_SawedOff_ShotgunJump_C
/Game/WeaponsNTools/SawedOffShotgun/Overclocks/OC_SawedOff_MaxAmmo_C.OC_SawedOff_MaxAmmo_C,CS,/Game/WeaponsNTools/SawedOffShotgun/Overclocks/OC_SawedOff_MaxAmmo_C.OC_SawedOff_MaxAmmo_C
/Game/WeaponsNTools/SawedOffShotgun/Overclocks/OC_SawedOff_DoubleBarrel_C.OC_SawedOff_DoubleBarrel_C,DB,/Game/WeaponsNTools/SawedOffShotgun/Overclocks/OC_SawedOff_DoubleBarrel_C.OC_SawedOff_DoubleBarrel_C
/Game/WeaponsNTools/SawedOffShotgun/Overclocks/OC_SawedOff_DMG_C.OC_SawedOff_DMG_C,SS,/Game/WeaponsNTools/SawedOffShotgun/Overclocks/OC_SawedOff_DMG_C.OC_SawedOff_DMG_C
/Game/WeaponsNTools/SawedOffShotgun/Overclocks/OC_SawedOff_Damage_U.OC_SawedOff_Damage_U,JS,/Game/WeaponsNTools/SawedOffShotgun/Overclocks/OC_SawedOff_Damage_U.OC_SawedOff_Damage_U
/Game/WeaponsNTools/SawedOffShotgun/Overclocks/OC_SawedOff_Accuracy_B.OC_SawedOff_Accuracy_B,SS,/Game/WeaponsNTools/SawedOffShotgun/Overclocks/OC_SawedOff_Accuracy_B.OC_SawedOff_Accuracy_B
/Game/WeaponsNTools/SMG/Overclocks/OC_SMG_Turret-Beam_U.OC_SMG_Turret-Beam_U,ARC,/Game/WeaponsNTools/SMG/Overclocks/OC_SMG_Turret-Beam_U.OC_SMG_Turret-Beam_U
/Game/WeaponsNTools/SMG/Overclocks/OC_SMG_Turret-AoE-Discharge_U.OC_SMG_Turret-AoE-Discharge_U,EMD,/Game/WeaponsNTools/SMG/Overclocks/OC_SMG_Turret-AoE-Discharge_U.OC_SMG_Turret-AoE-Discharge_U
/Game/WeaponsNTools/SMG/Overclocks/OC_SMG_SuperSlim_C.OC_SMG_SuperSlim_C,SSR,/Game/WeaponsNTools/SMG/Overclocks/OC_SMG_SuperSlim_C.OC_SMG_SuperSlim_C
/Game/WeaponsNTools/SMG/Overclocks/OC_SMG_RoF_U.OC_SMG_RoF_U,RE,/Game/WeaponsNTools/SMG/Overclocks/OC_SMG_RoF_U.OC_SMG_RoF_U
/Game/WeaponsNTools/SMG/Overclocks/OC_SMG_RoF-new_C.OC_SMG_RoF-new_C,WOM,/Game/WeaponsNTools/SMG/Overclocks/OC_SMG_RoF-new_C.OC_SMG_RoF-new_C
/Game/WeaponsNTools/SMG/Overclocks/OC_SMG_Ammo_B.OC_SMG_Ammo_B,LWR,/Game/WeaponsNTools/SMG/Overclocks/OC_SMG_Ammo_B.OC_SMG_Ammo_B
/Game/WeaponsNTools/BurstFirePistol/Overclocks/CUT/OC_BRT_SmartBullets_U.OC_BRT_SmartBullets_U,SSR,/Game/WeaponsNTools/BurstFirePistol/Overclocks/CUT/OC_BRT_SmartBullets_U.OC_BRT_SmartBullets_U
/Game/WeaponsNTools/CoilGun/OCs/OC_Coilgun_ShieldBreakBoost.OC_Coilgun_ShieldBreakBoost,SOC,/Game/WeaponsNTools/CoilGun/OCs/OC_Coilgun_ShieldBreakBoost.OC_Coilgun_ShieldBreakBoost
/Game/WeaponsNTools/GooCannon/Overclocks/NOTUSED/OC_GC_Stabilizer_C.OC_GC_Stabilizer_C,SC,/Game/WeaponsNTools/GooCannon/Overclocks/NOTUSED/OC_GC_Stabilizer_C.OC_GC_Stabilizer_C
/Game/WeaponsNTools/GooCannon/Overclocks/NOTUSED/OC_GooCannon_ExplosivePuddles_U.OC_GooCannon_ExplosivePuddles_U,TAS,/Game/WeaponsNTools/GooCannon/Overclocks/NOTUSED/OC_GooCannon_ExplosivePuddles_U.OC_GooCannon_ExplosivePuddles_U
/Game/WeaponsNTools/PlasmaCarbine/Overclocks/OC_PlasmaCarbine_BigProjectile_B.OC_PlasmaCarbine_BigProjectile_B,CB,/Game/WeaponsNTools/PlasmaCarbine/Overclocks/OC_PlasmaCarbine_BigProjectile_B.OC_PlasmaCarbine_BigProjectile_B
